"Data Source","World Development Indicators",

"Last Updated Date","2020-10-15",

"Country Name","Country Code","Indicator Name","Indicator Code","1960","1961","1962","1963","1964","1965","1966","1967","1968","1969","1970","1971","1972","1973","1974","1975","1976","1977","1978","1979","1980","1981","1982","1983","1984","1985","1986","1987","1988","1989","1990","1991","1992","1993","1994","1995","1996","1997","1998","1999","2000","2001","2002","2003","2004","2005","2006","2007","2008","2009","2010","2011","2012","2013","2014","2015","2016","2017","2018","2019","2020",
"Aruba","ABW","Gini index (World Bank estimate)","SI.POV.GINI","","","","","","","","","","","","","","","","","","","","","","","","","","","","","","","","","","","","","","","","","","","","","","","","","","","","","","","","","","","","","",
"Afghanistan","AFG","Gini index (World Bank estimate)","SI.POV.GINI","","","","","","","","","","","","","","","","","","","","","","","","","","","","","","","","","","","","","","","","","","","","","","","","","","","","","","","","","","","","","",
"Angola","AGO","Gini index (World Bank estimate)","SI.POV.GINI","","","","","","","","","","","","","","","","","","","","","","","","","","","","","","","","","","","","","","","","","52","","","","","","","","42.7","","","","","","","","","","51.3","","",
"Albania","ALB","Gini index (World Bank estimate)","SI.POV.GINI","","","","","","","","","","","","","","","","","","","","","","","","","","","","","","","","","","","","","27","","","","","","31.7","","","30.6","","","30","","","","29","","34.6","32.9","33.7","33.2","","","",
"Andorra","AND","Gini index (World Bank estimate)","SI.POV.GINI","","","","","","","","","","","","","","","","","","","","","","","","","","","","","","","","","","","","","","","","","","","","","","","","","","","","","","","","","","","","","",
"Arab World","ARB","Gini index (World Bank estimate)","SI.POV.GINI","","","","","","","","","","","","","","","","","","","","","","","","","","","","","","","","","","","","","","","","","","","","","","","","","","","","","","","","","","","","","",
"United Arab Emirates","ARE","Gini index (World Bank estimate)","SI.POV.GINI","","","","","","","","","","","","","","","","","","","","","","","","","","","","","","","","","","","","","","","","","","","","","","","","","","","","","","","32.5","","","","","","",
"Argentina","ARG","Gini index (World Bank estimate)","SI.POV.GINI","","","","","","","","","","","","","","","","","","","","","40.8","","","","","","42.8","45.3","","","","46.8","45.5","44.9","45.9","48.9","49.5","49.1","50.7","49.8","51.1","53.3","53.8","51.2","48.6","48","46.7","46.6","45.3","44.1","44.5","42.7","41.4","41","41.7","","42","41.2","41.4","","",
"Armenia","ARM","Gini index (World Bank estimate)","SI.POV.GINI","","","","","","","","","","","","","","","","","","","","","","","","","","","","","","","","","","","","","","","","36.2","","35.4","34.8","33","37.5","36","29.7","31.2","29.2","28","30","29.4","29.6","30.6","31.5","32.4","32.5","33.6","34.4","","",
"American Samoa","ASM","Gini index (World Bank estimate)","SI.POV.GINI","","","","","","","","","","","","","","","","","","","","","","","","","","","","","","","","","","","","","","","","","","","","","","","","","","","","","","","","","","","","","",
"Antigua and Barbuda","ATG","Gini index (World Bank estimate)","SI.POV.GINI","","","","","","","","","","","","","","","","","","","","","","","","","","","","","","","","","","","","","","","","","","","","","","","","","","","","","","","","","","","","","",
"Australia","AUS","Gini index (World Bank estimate)","SI.POV.GINI","","","","","","","","","","","","","","","","","","","","","","31.3","","","","32.5","","","","33.2","","","","","","32.6","","","","","","33.5","","33.5","33.1","","","","35.4","","34.7","","","","34.4","","","","","","",
"Austria","AUT","Gini index (World Bank estimate)","SI.POV.GINI","","","","","","","","","","","","","","","","","","","","","","","","","","","","23","","","","","","","31.3","31.1","","30.2","","","28.8","","","29.5","29.8","28.7","29.6","30.6","30.4","31.5","30.3","30.8","30.5","30.8","30.5","30.5","30.8","29.7","","","",
"Azerbaijan","AZE","Gini index (World Bank estimate)","SI.POV.GINI","","","","","","","","","","","","","","","","","","","","","","","","","","","","","","","","","","","","34.7","","","","","","36.5","25.3","26.8","26.6","26.6","","","","","","","","","","","","","","","",
"Burundi","BDI","Gini index (World Bank estimate)","SI.POV.GINI","","","","","","","","","","","","","","","","","","","","","","","","","","","","","","","","","33.3","","","","","","42.3","","","","","","","","33.4","","","","","","","38.6","","","","","","","",
"Belgium","BEL","Gini index (World Bank estimate)","SI.POV.GINI","","","","","","","","","","","","","","","","","","","","","","","","","","25.2","","","25.7","","","","25","","","28.4","","26.8","","","33.1","","","28.1","30.5","29.3","28.1","29.2","28.4","28.6","28.4","28.1","27.5","27.7","28.1","27.7","27.6","27.4","","","",
"Benin","BEN","Gini index (World Bank estimate)","SI.POV.GINI","","","","","","","","","","","","","","","","","","","","","","","","","","","","","","","","","","","","","","","","","","","","38.6","","","","","","","","43.4","","","","47.8","","","","","",
"Burkina Faso","BFA","Gini index (World Bank estimate)","SI.POV.GINI","","","","","","","","","","","","","","","","","","","","","","","","","","","","","","","","","","","48.1","","","","49.9","","","","","43.3","","","","","","39.8","","","","","35.3","","","","","","",
"Bangladesh","BGD","Gini index (World Bank estimate)","SI.POV.GINI","","","","","","","","","","","","","","","","","","","","","","","","25.9","","26.9","","","28.8","","","27.6","","","","32.9","","","","","33.4","","","","","33.2","","","","","32.1","","","","","","32.4","","","","",
"Bulgaria","BGR","Gini index (World Bank estimate)","SI.POV.GINI","","","","","","","","","","","","","","","","","","","","","","","","","","","","","","","","","","","","","","","","","","","","","","","35.7","36.1","33.6","33.8","35.7","34.3","36","36.6","37.4","38.6","40.6","40.4","","","",
"Bahrain","BHR","Gini index (World Bank estimate)","SI.POV.GINI","","","","","","","","","","","","","","","","","","","","","","","","","","","","","","","","","","","","","","","","","","","","","","","","","","","","","","","","","","","","","",
"Bahamas, The","BHS","Gini index (World Bank estimate)","SI.POV.GINI","","","","","","","","","","","","","","","","","","","","","","","","","","","","","","","","","","","","","","","","","","","","","","","","","","","","","","","","","","","","","",
"Bosnia and Herzegovina","BIH","Gini index (World Bank estimate)","SI.POV.GINI","","","","","","","","","","","","","","","","","","","","","","","","","","","","","","","","","","","","","","","","","","30","","","34","","","33.1","","","","33","","","","","","","","","",
"Belarus","BLR","Gini index (World Bank estimate)","SI.POV.GINI","","","","","","","","","","","","","","","","","","","","","","","","","","","","","","","","","","","","","","","32","31.7","31.2","30.6","30.3","28.8","26.5","27.6","28.3","29.6","27.8","27.7","28.6","27.2","26.5","26.6","27.2","25.6","25.3","25.4","25.2","","",
"Belize","BLZ","Gini index (World Bank estimate)","SI.POV.GINI","","","","","","","","","","","","","","","","","","","","","","","","","","","","","","","","","","60.3","60.9","","56.6","60.4","54.9","53.3","","","","","","","","","","","","","","","","","","","","","",
"Bermuda","BMU","Gini index (World Bank estimate)","SI.POV.GINI","","","","","","","","","","","","","","","","","","","","","","","","","","","","","","","","","","","","","","","","","","","","","","","","","","","","","","","","","","","","","",
"Bolivia","BOL","Gini index (World Bank estimate)","SI.POV.GINI","","","","","","","","","","","","","","","","","","","","","","","","","","","","","","","","","49.1","","","","","58.2","","58.1","61.6","57.4","59.3","","55","58.5","56.7","54.5","50.8","49.2","","46.1","46.6","47.6","47.8","46.7","44.6","44","42.2","","",
"Brazil","BRA","Gini index (World Bank estimate)","SI.POV.GINI","","","","","","","","","","","","","","","","","","","","","","58","58.4","59","58.4","55.6","58.5","59.7","61.4","63.3","60.5","","53.2","60.1","","59.6","59.9","59.8","59.6","59","","58.4","58.1","57.6","56.5","56.3","55.6","54.9","54","53.7","","52.9","53.5","52.8","52.1","51.9","53.3","53.3","53.9","","",
"Barbados","BRB","Gini index (World Bank estimate)","SI.POV.GINI","","","","","","","","","","","","","","","","","","","","","","","","","","","","","","","","","","","","","","","","","","","","","","","","","","","","","","","","","","","","","",
"Brunei Darussalam","BRN","Gini index (World Bank estimate)","SI.POV.GINI","","","","","","","","","","","","","","","","","","","","","","","","","","","","","","","","","","","","","","","","","","","","","","","","","","","","","","","","","","","","","",
"Bhutan","BTN","Gini index (World Bank estimate)","SI.POV.GINI","","","","","","","","","","","","","","","","","","","","","","","","","","","","","","","","","","","","","","","","","","","","40.9","","","","38.1","","","","","38.8","","","","","37.4","","","",
"Botswana","BWA","Gini index (World Bank estimate)","SI.POV.GINI","","","","","","","","","","","","","","","","","","","","","","","","","","54.2","","","","","","","","60.8","","","","","","","","","64.7","","","","","","","60.5","","","","","","53.3","","","","","",
"Central African Republic","CAF","Gini index (World Bank estimate)","SI.POV.GINI","","","","","","","","","","","","","","","","","","","","","","","","","","","","","","","","","61.3","","","","","","","","","","","43.6","","","","","56.2","","","","","","","","","","","","",
"Canada","CAN","Gini index (World Bank estimate)","SI.POV.GINI","","","","","","","","","","","","37.3","","","","33.3","","","","","","32.4","","","","","","31.5","","","","31","","","31.3","","","31.6","33.2","","33.3","","","","33.7","","","33.8","","","33.6","","","33.8","","","","33.3","","","",
"Central Europe and the Baltics","CEB","Gini index (World Bank estimate)","SI.POV.GINI","","","","","","","","","","","","","","","","","","","","","","","","","","","","","","","","","","","","","","","","","","","","","","","","","","","","","","","","","","","","","",
"Switzerland","CHE","Gini index (World Bank estimate)","SI.POV.GINI","","","","","","","","","","","","","","","","","","","","","","","36","","","","","","","","","","33.9","","","","","","","","33.4","","31.7","","","","33.9","34.3","33.8","32.9","32.6","31.7","31.6","32.5","32.5","32.3","33","32.7","","","",
"Channel Islands","CHI","Gini index (World Bank estimate)","SI.POV.GINI","","","","","","","","","","","","","","","","","","","","","","","","","","","","","","","","","","","","","","","","","","","","","","","","","","","","","","","","","","","","","",
"Chile","CHL","Gini index (World Bank estimate)","SI.POV.GINI","","","","","","","","","","","","","","","","","","","","","","","","","","","","56.2","","","57.2","","54.8","","56.4","","54.9","","55.5","","52.8","","","51.5","","","47.3","","","47","","46","","45.8","","44.4","","44.4","","","",
"China","CHN","Gini index (World Bank estimate)","SI.POV.GINI","","","","","","","","","","","","","","","","","","","","","","","","","","","","","","","32.2","","","","","","35.2","","","38.7","","","42","","","40.9","","","43","","43.7","42.4","42.2","39.7","39.2","38.6","38.5","","","","",
"Cote d'Ivoire","CIV","Gini index (World Bank estimate)","SI.POV.GINI","","","","","","","","","","","","","","","","","","","","","","","","","","45.5","38","40.5","36.9","","","","39.4","","","40.6","","","39","","","","41.3","","","","","","43.2","","","","","","","41.5","","","","","",
"Cameroon","CMR","Gini index (World Bank estimate)","SI.POV.GINI","","","","","","","","","","","","","","","","","","","","","","","","","","","","","","","","","","","","","44.4","","","","","42.1","","","","","","42.8","","","","","","","46.6","","","","","","",
"Congo, Dem. Rep.","COD","Gini index (World Bank estimate)","SI.POV.GINI","","","","","","","","","","","","","","","","","","","","","","","","","","","","","","","","","","","","","","","","","","","","","42.2","","","","","","","","42.1","","","","","","","","",
"Congo, Rep.","COG","Gini index (World Bank estimate)","SI.POV.GINI","","","","","","","","","","","","","","","","","","","","","","","","","","","","","","","","","","","","","","","","","","","","","","47.3","","","","","","48.9","","","","","","","","","",
"Colombia","COL","Gini index (World Bank estimate)","SI.POV.GINI","","","","","","","","","","","","","","","","","","","","","","","","","","","","","","","","","51.5","","","","56.9","","","58.7","58.7","57.2","55.8","53.4","54.8","53.7","","","55.5","54.4","54.7","53.5","52.7","52.8","52.7","51.1","50.8","49.7","50.4","","",
"Comoros","COM","Gini index (World Bank estimate)","SI.POV.GINI","","","","","","","","","","","","","","","","","","","","","","","","","","","","","","","","","","","","","","","","","","","","","55.9","","","","","","","","","","45.3","","","","","","",
"Cabo Verde","CPV","Gini index (World Bank estimate)","SI.POV.GINI","","","","","","","","","","","","","","","","","","","","","","","","","","","","","","","","","","","","","","","","","","52.5","","","","","","47.2","","","","","","","","42.4","","","","","",
"Costa Rica","CRI","Gini index (World Bank estimate)","SI.POV.GINI","","","","","","","","","","","","","","","","","","","","","","47.5","","","","","34.4","","","46.7","45.3","46.6","45.7","46","46.8","45.7","46.5","45.6","45.7","47.7","47.4","51.6","51.9","49.3","48.3","47.5","49.4","49.3","48.7","50.6","48.2","48.7","48.6","49.3","48.6","48.4","48.7","48.3","48","","",
"Caribbean small states","CSS","Gini index (World Bank estimate)","SI.POV.GINI","","","","","","","","","","","","","","","","","","","","","","","","","","","","","","","","","","","","","","","","","","","","","","","","","","","","","","","","","","","","","",
"Cuba","CUB","Gini index (World Bank estimate)","SI.POV.GINI","","","","","","","","","","","","","","","","","","","","","","","","","","","","","","","","","","","","","","","","","","","","","","","","","","","","","","","","","","","","","",
"Curacao","CUW","Gini index (World Bank estimate)","SI.POV.GINI","","","","","","","","","","","","","","","","","","","","","","","","","","","","","","","","","","","","","","","","","","","","","","","","","","","","","","","","","","","","","",
"Cayman Islands","CYM","Gini index (World Bank estimate)","SI.POV.GINI","","","","","","","","","","","","","","","","","","","","","","","","","","","","","","","","","","","","","","","","","","","","","","","","","","","","","","","","","","","","","",
"Cyprus","CYP","Gini index (World Bank estimate)","SI.POV.GINI","","","","","","","","","","","","","","","","","","","","","","","","","","","","","","","","","","","","","","","","","","","","","30.1","30.3","31.1","31.1","31.7","32.1","31.5","32.6","34.3","37","35.6","34","32.9","31.4","","","",
"Czech Republic","CZE","Gini index (World Bank estimate)","SI.POV.GINI","","","","","","","","","","","","","","","","","","","","","","","","","","","","","","","","","20.7","26.6","","","25.8","","","","","","26.6","","27.5","26.9","26.7","26","26.3","26.2","26.6","26.4","26.1","26.5","25.9","25.9","25.4","24.9","","","",
"Germany","DEU","Gini index (World Bank estimate)","SI.POV.GINI","","","","","","","","","","","","","","","","","","","","","","","","","","","","","","","","29.2","","","29.2","28.9","","","28.3","","28.8","30.3","29.9","30","30.4","32.1","31.3","31.3","31.1","30.5","30.2","30.5","","31.1","","31.7","31.9","","","","",
"Djibouti","DJI","Gini index (World Bank estimate)","SI.POV.GINI","","","","","","","","","","","","","","","","","","","","","","","","","","","","","","","","","","","","","","","","","","","40","","","","","","","","","","45.1","44.1","","","","41.6","","","",
"Dominica","DMA","Gini index (World Bank estimate)","SI.POV.GINI","","","","","","","","","","","","","","","","","","","","","","","","","","","","","","","","","","","","","","","","","","","","","","","","","","","","","","","","","","","","","",
"Denmark","DNK","Gini index (World Bank estimate)","SI.POV.GINI","","","","","","","","","","","","","","","","","","","","","","","","","","","","26.2","","","","","24.7","","","23","","","","","23.8","","","25.6","24.9","25.2","25.9","26.2","25.2","26.7","27.2","27.3","27.8","28.5","28.4","28.2","28.2","28.7","","","",
"Dominican Republic","DOM","Gini index (World Bank estimate)","SI.POV.GINI","","","","","","","","","","","","","","","","","","","","","","","","","","","47.8","","","50.5","","","51.4","","","","47.4","48.9","","","51.5","50","49.7","52.1","52.1","50","52","48.9","48.1","48.9","47.3","47.7","46.1","47.7","44.3","45.2","45.7","42.2","43.7","","",
"Algeria","DZA","Gini index (World Bank estimate)","SI.POV.GINI","","","","","","","","","","","","","","","","","","","","","","","","","","","","","40.2","","","","","","","35.3","","","","","","","","","","","","","","","","27.6","","","","","","","","","",
"East Asia & Pacific (excluding high income)","EAP","Gini index (World Bank estimate)","SI.POV.GINI","","","","","","","","","","","","","","","","","","","","","","","","","","","","","","","","","","","","","","","","","","","","","","","","","","","","","","","","","","","","","",
"Early-demographic dividend","EAR","Gini index (World Bank estimate)","SI.POV.GINI","","","","","","","","","","","","","","","","","","","","","","","","","","","","","","","","","","","","","","","","","","","","","","","","","","","","","","","","","","","","","",
"East Asia & Pacific","EAS","Gini index (World Bank estimate)","SI.POV.GINI","","","","","","","","","","","","","","","","","","","","","","","","","","","","","","","","","","","","","","","","","","","","","","","","","","","","","","","","","","","","","",
"Europe & Central Asia (excluding high income)","ECA","Gini index (World Bank estimate)","SI.POV.GINI","","","","","","","","","","","","","","","","","","","","","","","","","","","","","","","","","","","","","","","","","","","","","","","","","","","","","","","","","","","","","",
"Europe & Central Asia","ECS","Gini index (World Bank estimate)","SI.POV.GINI","","","","","","","","","","","","","","","","","","","","","","","","","","","","","","","","","","","","","","","","","","","","","","","","","","","","","","","","","","","","","",
"Ecuador","ECU","Gini index (World Bank estimate)","SI.POV.GINI","","","","","","","","","","","","","","","","","","","","","","","","","","","","","","","","","","","53.4","","","","","58.6","56.4","","","53.4","53.9","53.1","52.2","53.3","49.7","48.4","48.7","45.9","46.1","46.9","45","46","45","44.7","45.4","","",
"Egypt, Arab Rep.","EGY","Gini index (World Bank estimate)","SI.POV.GINI","","","","","","","","","","","","","","","","","","","","","","","","","","","","","","","32","","","","","30.1","","","","32.8","","","","","31.8","","","","31.1","","30.2","","28.3","","","31.8","","31.5","","","",
"Euro area","EMU","Gini index (World Bank estimate)","SI.POV.GINI","","","","","","","","","","","","","","","","","","","","","","","","","","","","","","","","","","","","","","","","","","","","","","","","","","","","","","","","","","","","","",
"Eritrea","ERI","Gini index (World Bank estimate)","SI.POV.GINI","","","","","","","","","","","","","","","","","","","","","","","","","","","","","","","","","","","","","","","","","","","","","","","","","","","","","","","","","","","","","",
"Spain","ESP","Gini index (World Bank estimate)","SI.POV.GINI","","","","","","","","","","","","","","","","","","","","","34.5","","","","","34.4","","","","","32","","","","","36.7","","","","","34.3","","","31.8","33.3","32.4","33.5","34.1","34.2","34.9","35.2","35.7","35.4","36.2","36.1","36.2","35.8","34.7","","","",
"Estonia","EST","Gini index (World Bank estimate)","SI.POV.GINI","","","","","","","","","","","","","","","","","","","","","","","","","","","","","","","","","","","","","","","","","","","","37.2","33.6","33.4","33.7","31.2","31.9","31.4","32","32.5","32.9","35.1","34.6","32.7","31.2","30.4","","","",
"Ethiopia","ETH","Gini index (World Bank estimate)","SI.POV.GINI","","","","","","","","","","","","","","","","","","","","","","","","","","","","","","","","","","","","44.6","","","","30","","","","","29.8","","","","","","33.2","","","","","35","","","","","",
"European Union","EUU","Gini index (World Bank estimate)","SI.POV.GINI","","","","","","","","","","","","","","","","","","","","","","","","","","","","","","","","","","","","","","","","","","","","","","","","","","","","","","","","","","","","","",
"Fragile and conflict affected situations","FCS","Gini index (World Bank estimate)","SI.POV.GINI","","","","","","","","","","","","","","","","","","","","","","","","","","","","","","","","","","","","","","","","","","","","","","","","","","","","","","","","","","","","","",
"Finland","FIN","Gini index (World Bank estimate)","SI.POV.GINI","","","","","","","","","","","","","","","","","","","","","","","","","","","","22.2","","","","22.9","","","","23.5","","","","","27.2","","","27.7","27.9","27.6","28","28.3","27.8","27.5","27.7","27.6","27.1","27.2","26.8","27.1","27.1","27.4","","","",
"Fiji","FJI","Gini index (World Bank estimate)","SI.POV.GINI","","","","","","","","","","","","","","","","","","","","","","","","","","","","","","","","","","","","","","","","","","","38.1","","","","","","40.4","","","","","36.7","","","","","","","",
"France","FRA","Gini index (World Bank estimate)","SI.POV.GINI","","","","","","","","","","","","","","","","","","","35.2","","","","","","36.9","","","","","32.2","","","","","32.3","","","","","","31.1","","","31.4","30.6","29.8","29.7","32.4","33","32.7","33.7","33.3","33.1","32.5","32.3","32.7","31.9","31.6","","","",
"Faroe Islands","FRO","Gini index (World Bank estimate)","SI.POV.GINI","","","","","","","","","","","","","","","","","","","","","","","","","","","","","","","","","","","","","","","","","","","","","","","","","","","","","","","","","","","","","",
"Micronesia, Fed. Sts.","FSM","Gini index (World Bank estimate)","SI.POV.GINI","","","","","","","","","","","","","","","","","","","","","","","","","","","","","","","","","","","","","","","","","","","","","","42.4","","","","","","","","40.1","","","","","","","",
"Gabon","GAB","Gini index (World Bank estimate)","SI.POV.GINI","","","","","","","","","","","","","","","","","","","","","","","","","","","","","","","","","","","","","","","","","","","","","","42.2","","","","","","","","","","","","38","","","",
"United Kingdom","GBR","Gini index (World Bank estimate)","SI.POV.GINI","","","","","","","","","","33.7","","","","","30","","","","","28.4","","","","","","","31.9","","","","","35.9","","","36.1","36.3","","","","37","","","","","36","34.3","34.6","35.7","34.1","34.3","34.4","33.2","32.3","33.2","34","33.2","34.8","","","","",
"Georgia","GEO","Gini index (World Bank estimate)","SI.POV.GINI","","","","","","","","","","","","","","","","","","","","","","","","","","","","","","","","","","","","","37.1","40.7","41.3","40.1","40.5","39.6","37.2","36.7","36.2","37.4","36.9","38.1","38.5","38.2","39.5","39.6","39","38.6","37.6","36.5","36.6","37.9","36.4","","",
"Ghana","GHA","Gini index (World Bank estimate)","SI.POV.GINI","","","","","","","","","","","","","","","","","","","","","","","","","","","","35.3","36","","","38.4","","","","","","","40.1","","","","","","","42.8","","","","","","","42.4","","","","43.5","","","","",
"Gibraltar","GIB","Gini index (World Bank estimate)","SI.POV.GINI","","","","","","","","","","","","","","","","","","","","","","","","","","","","","","","","","","","","","","","","","","","","","","","","","","","","","","","","","","","","","",
"Guinea","GIN","Gini index (World Bank estimate)","SI.POV.GINI","","","","","","","","","","","","","","","","","","","","","","","","","","","","","","","","46.8","","","46.1","","","","","","","","43","","","","","39.4","","","","","33.7","","","","","","","","",
"Gambia, The","GMB","Gini index (World Bank estimate)","SI.POV.GINI","","","","","","","","","","","","","","","","","","","","","","","","","","","","","","","","","","","","","","","48.5","","","","","47.3","","","","","","","43.6","","","","","35.9","","","","","",
"Guinea-Bissau","GNB","Gini index (World Bank estimate)","SI.POV.GINI","","","","","","","","","","","","","","","","","","","","","","","","","","","","","","","","","","43.6","","","","","","","","","35.6","","","","","","","","50.7","","","","","","","","","","",
"Equatorial Guinea","GNQ","Gini index (World Bank estimate)","SI.POV.GINI","","","","","","","","","","","","","","","","","","","","","","","","","","","","","","","","","","","","","","","","","","","","","","","","","","","","","","","","","","","","","",
"Greece","GRC","Gini index (World Bank estimate)","SI.POV.GINI","","","","","","","","","","","","","","","","","","","","","","","","","","","","","","","","","","","","37","","","","","34.2","","","32.8","33.6","34.6","35.1","34","33.6","33.6","34.1","34.8","36.3","36.1","35.8","36","35","34.4","","","",
"Grenada","GRD","Gini index (World Bank estimate)","SI.POV.GINI","","","","","","","","","","","","","","","","","","","","","","","","","","","","","","","","","","","","","","","","","","","","","","","","","","","","","","","","","","","","","",
"Greenland","GRL","Gini index (World Bank estimate)","SI.POV.GINI","","","","","","","","","","","","","","","","","","","","","","","","","","","","","","","","","","","","","","","","","","","","","","","","","","","","","","","","","","","","","",
"Guatemala","GTM","Gini index (World Bank estimate)","SI.POV.GINI","","","","","","","","","","","","","","","","","","","","","","","","","","","58.3","","","59.6","","","","","","","","","","","54.2","","","","","","54.6","","","","","","","","48.3","","","","","","",
"Guam","GUM","Gini index (World Bank estimate)","SI.POV.GINI","","","","","","","","","","","","","","","","","","","","","","","","","","","","","","","","","","","","","","","","","","","","","","","","","","","","","","","","","","","","","",
"Guyana","GUY","Gini index (World Bank estimate)","SI.POV.GINI","","","","","","","","","","","","","","","","","","","","","","","","","","","","","","","","","","","","","","","44.6","","","","","","","","","","","","","","","","","","","","","","",
"High income","HIC","Gini index (World Bank estimate)","SI.POV.GINI","","","","","","","","","","","","","","","","","","","","","","","","","","","","","","","","","","","","","","","","","","","","","","","","","","","","","","","","","","","","","",
"Hong Kong SAR, China","HKG","Gini index (World Bank estimate)","SI.POV.GINI","","","","","","","","","","","","","","","","","","","","","","","","","","","","","","","","","","","","","","","","","","","","","","","","","","","","","","","","","","","","","",
"Honduras","HND","Gini index (World Bank estimate)","SI.POV.GINI","","","","","","","","","","","","","","","","","","","","","","","","","","","","","","59.5","57.4","51.9","51.8","53.5","55","55.5","55.7","52.7","57.4","55.4","","55.6","55.7","58.1","58.1","59.5","57.5","55.8","55.5","51.3","53.1","56.2","56.1","52.6","50.4","49.6","51.1","50.5","52.1","","",
"Heavily indebted poor countries (HIPC)","HPC","Gini index (World Bank estimate)","SI.POV.GINI","","","","","","","","","","","","","","","","","","","","","","","","","","","","","","","","","","","","","","","","","","","","","","","","","","","","","","","","","","","","","",
"Croatia","HRV","Gini index (World Bank estimate)","SI.POV.GINI","","","","","","","","","","","","","","","","","","","","","","","","","","","","","","","","","","","","","","","","","","","","","","","","","","32.6","32.4","32.3","32.5","32","32.1","31.1","30.9","30.4","","","",
"Haiti","HTI","Gini index (World Bank estimate)","SI.POV.GINI","","","","","","","","","","","","","","","","","","","","","","","","","","","","","","","","","","","","","","","","","","","","","","","","","","","","","41.1","","","","","","","","",
"Hungary","HUN","Gini index (World Bank estimate)","SI.POV.GINI","","","","","","","","","","","","","","","","","","","","","","","","","","","","","","","","","","","","","","","","","","","","","29.9","34.7","28.3","27.9","27.5","27","29.4","29.2","30.8","31.5","30.9","30.4","30.3","30.6","","","",
"IBRD only","IBD","Gini index (World Bank estimate)","SI.POV.GINI","","","","","","","","","","","","","","","","","","","","","","","","","","","","","","","","","","","","","","","","","","","","","","","","","","","","","","","","","","","","","",
"IDA & IBRD total","IBT","Gini index (World Bank estimate)","SI.POV.GINI","","","","","","","","","","","","","","","","","","","","","","","","","","","","","","","","","","","","","","","","","","","","","","","","","","","","","","","","","","","","","",
"IDA total","IDA","Gini index (World Bank estimate)","SI.POV.GINI","","","","","","","","","","","","","","","","","","","","","","","","","","","","","","","","","","","","","","","","","","","","","","","","","","","","","","","","","","","","","",
"IDA blend","IDB","Gini index (World Bank estimate)","SI.POV.GINI","","","","","","","","","","","","","","","","","","","","","","","","","","","","","","","","","","","","","","","","","","","","","","","","","","","","","","","","","","","","","",
"Indonesia","IDN","Gini index (World Bank estimate)","SI.POV.GINI","","","","","","","","","","","","","","","","","","","","","","","","","32.4","","","30.6","","","31.2","","","32","","","34.5","","31.1","31.1","28.6","29","31.7","31.9","32.7","33","34.3","35.7","35.2","35.1","36.4","39.7","39.7","40","39.4","39.7","38.6","38.1","37.8","","",
"IDA only","IDX","Gini index (World Bank estimate)","SI.POV.GINI","","","","","","","","","","","","","","","","","","","","","","","","","","","","","","","","","","","","","","","","","","","","","","","","","","","","","","","","","","","","","",
"Isle of Man","IMN","Gini index (World Bank estimate)","SI.POV.GINI","","","","","","","","","","","","","","","","","","","","","","","","","","","","","","","","","","","","","","","","","","","","","","","","","","","","","","","","","","","","","",
"India","IND","Gini index (World Bank estimate)","SI.POV.GINI","","","","","","","","","","","","","","","","","","","","","","","","32.1","","","","32.6","","","","","","31.7","","","","","","","","","","","34.4","","","","","35.4","","35.7","","","","","","","","","",
"Not classified","INX","Gini index (World Bank estimate)","SI.POV.GINI","","","","","","","","","","","","","","","","","","","","","","","","","","","","","","","","","","","","","","","","","","","","","","","","","","","","","","","","","","","","","",
"Ireland","IRL","Gini index (World Bank estimate)","SI.POV.GINI","","","","","","","","","","","","","","","","","","","","","","","","","","","","35.5","","","","","","","36.9","37","35.6","","","","33","","","32.9","33.6","33.8","32.7","31.9","30.9","32.7","32.3","32.9","33.2","33.5","31.9","31.8","32.8","","","","",
"Iran, Islamic Rep.","IRN","Gini index (World Bank estimate)","SI.POV.GINI","","","","","","","","","","","","","","","","","","","","","","","","","","","47.4","","","","43.6","","","","43","","","","44.1","","","","","","","43.6","44.8","","","42.1","","","","37.4","38.8","39.5","40","40.8","","","",
"Iraq","IRQ","Gini index (World Bank estimate)","SI.POV.GINI","","","","","","","","","","","","","","","","","","","","","","","","","","","","","","","","","","","","","","","","","","","","","","","28.6","","","","","","29.5","","","","","","","","",
"Iceland","ISL","Gini index (World Bank estimate)","SI.POV.GINI","","","","","","","","","","","","","","","","","","","","","","","","","","","","","","","","","","","","","","","","","","","","26.8","28","29","30.2","29.5","31.8","28.7","26.2","26.8","26.8","25.4","27.8","26.8","","","","","",
"Israel","ISR","Gini index (World Bank estimate)","SI.POV.GINI","","","","","","","","","","","","","","","","","","","","36.3","","","","","","","36.5","","","","","","35.5","","","","","38.1","","","","38.9","","","","41.8","","41.1","","","42.5","","41.3","","39.8","","39","","","","",
"Italy","ITA","Gini index (World Bank estimate)","SI.POV.GINI","","","","","","","","","","","","","","","","","","","","","","","","","","","32.5","34.5","","32.6","","31.5","","35.5","","35.2","","","36.7","","35.3","","","34.9","34.3","33.8","33.7","32.9","33.8","33.8","34.7","35.1","35.2","34.9","34.7","35.4","35.2","35.9","","","",
"Jamaica","JAM","Gini index (World Bank estimate)","SI.POV.GINI","","","","","","","","","","","","","","","","","","","","","","","","","","","","","43.2","","41.1","","","35.7","","","40.4","","","44.1","","","48.3","","45.5","","","","","","","","","","","","","","","","",
"Jordan","JOR","Gini index (World Bank estimate)","SI.POV.GINI","","","","","","","","","","","","","","","","","","","","","","","","","","","36.1","","","","","","43.4","","","","","36.4","","","","","37","","","","33.9","","32.6","","33.7","","","","","","","","","","",
"Japan","JPN","Gini index (World Bank estimate)","SI.POV.GINI","","","","","","","","","","","","","","","","","","","","","","","","","","","","","","","","","","","","","","","","","","","","","","","","","34.8","","32.1","","","32.9","","","","","","","",
"Kazakhstan","KAZ","Gini index (World Bank estimate)","SI.POV.GINI","","","","","","","","","","","","","","","","","","","","","","","","","","","","","","","","","","","","","35.4","","","","","36","34.8","33.7","31.8","39.8","30.2","30.1","28.5","28.2","28","28","28.2","27.1","27","26.8","27.2","27.5","","","",
"Kenya","KEN","Gini index (World Bank estimate)","SI.POV.GINI","","","","","","","","","","","","","","","","","","","","","","","","","","","","","","","","","57.5","","43.1","","","45","","","","","","","","46.5","","","","","","","","","","40.8","","","","","",
"Kyrgyz Republic","KGZ","Gini index (World Bank estimate)","SI.POV.GINI","","","","","","","","","","","","","","","","","","","","","","","","","","","","","","","","","","","","","","","46.4","","31","30.2","30.3","28.7","34.8","32.6","37.4","33.9","31.5","29.9","30.1","27.8","27.4","28.8","26.8","29","26.8","27.3","27.7","","",
"Cambodia","KHM","Gini index (World Bank estimate)","SI.POV.GINI","","","","","","","","","","","","","","","","","","","","","","","","","","","","","","","","","","","","","","","","","","","","","","","","","","","","","","","","","","","","","",
"Kiribati","KIR","Gini index (World Bank estimate)","SI.POV.GINI","","","","","","","","","","","","","","","","","","","","","","","","","","","","","","","","","","","","","","","","","","","","","","","37","","","","","","","","","","","","","","",
"St. Kitts and Nevis","KNA","Gini index (World Bank estimate)","SI.POV.GINI","","","","","","","","","","","","","","","","","","","","","","","","","","","","","","","","","","","","","","","","","","","","","","","","","","","","","","","","","","","","","",
"Korea, Rep.","KOR","Gini index (World Bank estimate)","SI.POV.GINI","","","","","","","","","","","","","","","","","","","","","","","","","","","","","","","","","","","","","","","","","","","","","","","31.7","","32.3","","32","","31.6","","","","","","","","",
"Kuwait","KWT","Gini index (World Bank estimate)","SI.POV.GINI","","","","","","","","","","","","","","","","","","","","","","","","","","","","","","","","","","","","","","","","","","","","","","","","","","","","","","","","","","","","","",
"Latin America & Caribbean (excluding high income)","LAC","Gini index (World Bank estimate)","SI.POV.GINI","","","","","","","","","","","","","","","","","","","","","","","","","","","","","","","","","","","","","","","","","","","","","","","","","","","","","","","","","","","","","",
"Lao PDR","LAO","Gini index (World Bank estimate)","SI.POV.GINI","","","","","","","","","","","","","","","","","","","","","","","","","","","","","","","","","34.3","","","","","34.9","","","","","32.6","","","","","35.4","","","","","36.4","","","","","","","","",
"Lebanon","LBN","Gini index (World Bank estimate)","SI.POV.GINI","","","","","","","","","","","","","","","","","","","","","","","","","","","","","","","","","","","","","","","","","","","","","","","","","","","","31.8","","","","","","","","","",
"Liberia","LBR","Gini index (World Bank estimate)","SI.POV.GINI","","","","","","","","","","","","","","","","","","","","","","","","","","","","","","","","","","","","","","","","","","","","","","","","36.5","","","","","","","33.2","","35.3","","","","",
"Libya","LBY","Gini index (World Bank estimate)","SI.POV.GINI","","","","","","","","","","","","","","","","","","","","","","","","","","","","","","","","","","","","","","","","","","","","","","","","","","","","","","","","","","","","","",
"St. Lucia","LCA","Gini index (World Bank estimate)","SI.POV.GINI","","","","","","","","","","","","","","","","","","","","","","","","","","","","","","","","","","","","42.6","","","","","","","","","","","","","","","","","","","","","51.2","","","","",
"Latin America & Caribbean","LCN","Gini index (World Bank estimate)","SI.POV.GINI","","","","","","","","","","","","","","","","","","","","","","","","","","","","","","","","","","","","","","","","","","","","","","","","","","","","","","","","","","","","","",
"Least developed countries: UN classification","LDC","Gini index (World Bank estimate)","SI.POV.GINI","","","","","","","","","","","","","","","","","","","","","","","","","","","","","","","","","","","","","","","","","","","","","","","","","","","","","","","","","","","","","",
"Low income","LIC","Gini index (World Bank estimate)","SI.POV.GINI","","","","","","","","","","","","","","","","","","","","","","","","","","","","","","","","","","","","","","","","","","","","","","","","","","","","","","","","","","","","","",
"Liechtenstein","LIE","Gini index (World Bank estimate)","SI.POV.GINI","","","","","","","","","","","","","","","","","","","","","","","","","","","","","","","","","","","","","","","","","","","","","","","","","","","","","","","","","","","","","",
"Sri Lanka","LKA","Gini index (World Bank estimate)","SI.POV.GINI","","","","","","","","","","","","","","","","","","","","","","","","","","32.5","","","","","32.4","","","","","35.4","","","","","","","41","","","","40.3","","","36.4","","","39.2","","","","39.8","","","","",
"Lower middle income","LMC","Gini index (World Bank estimate)","SI.POV.GINI","","","","","","","","","","","","","","","","","","","","","","","","","","","","","","","","","","","","","","","","","","","","","","","","","","","","","","","","","","","","","",
"Low & middle income","LMY","Gini index (World Bank estimate)","SI.POV.GINI","","","","","","","","","","","","","","","","","","","","","","","","","","","","","","","","","","","","","","","","","","","","","","","","","","","","","","","","","","","","","",
"Lesotho","LSO","Gini index (World Bank estimate)","SI.POV.GINI","","","","","","","","","","","","","","","","","","","","","","","","","","","56","","","","","","","","63.2","","","","","","","","51.6","","","","","","","","","","","","","","","44.9","","","",
"Late-demographic dividend","LTE","Gini index (World Bank estimate)","SI.POV.GINI","","","","","","","","","","","","","","","","","","","","","","","","","","","","","","","","","","","","","","","","","","","","","","","","","","","","","","","","","","","","","",
"Lithuania","LTU","Gini index (World Bank estimate)","SI.POV.GINI","","","","","","","","","","","","","","","","","","","","","","","","","","","","","","","","","","","","","","","","","","","","","37","35.3","34.4","34.8","35.7","37.2","33.6","32.5","35.1","35.3","37.7","37.4","38.4","37.3","","","",
"Luxembourg","LUX","Gini index (World Bank estimate)","SI.POV.GINI","","","","","","","","","","","","","","","","","","","","","","","","","","26.7","","","","","","26.8","","","26.9","","","30.2","","","30.4","","","30.2","30.2","30.8","30.9","31.1","32.6","31.2","30.5","32.1","34.3","32","31.2","33.8","33","34.9","","","",
"Latvia","LVA","Gini index (World Bank estimate)","SI.POV.GINI","","","","","","","","","","","","","","","","","","","","","","","","","","","","","","","","","","","","","","","","","","","","","36.4","39","35.6","37.5","37.2","36","35","35.8","35.2","35.5","35.1","34.2","34.3","35.6","","","",
"Macao SAR, China","MAC","Gini index (World Bank estimate)","SI.POV.GINI","","","","","","","","","","","","","","","","","","","","","","","","","","","","","","","","","","","","","","","","","","","","","","","","","","","","","","","","","","","","","",
"St. Martin (French part)","MAF","Gini index (World Bank estimate)","SI.POV.GINI","","","","","","","","","","","","","","","","","","","","","","","","","","","","","","","","","","","","","","","","","","","","","","","","","","","","","","","","","","","","","",
"Morocco","MAR","Gini index (World Bank estimate)","SI.POV.GINI","","","","","","","","","","","","","","","","","","","","","","","","","39.2","","","","","","39.2","","","","","","","","39.5","","40.6","","","","","","40.7","","","","","","","39.5","","","","","","","",
"Monaco","MCO","Gini index (World Bank estimate)","SI.POV.GINI","","","","","","","","","","","","","","","","","","","","","","","","","","","","","","","","","","","","","","","","","","","","","","","","","","","","","","","","","","","","","",
"Moldova","MDA","Gini index (World Bank estimate)","SI.POV.GINI","","","","","","","","","","","","","","","","","","","","","","","","","","","","","","","","","","","","","","36.9","39.5","42.6","36.4","38","35.8","34.9","35","36.3","35.4","34.4","34.7","32.9","32.1","30.6","29.2","28.5","26.8","27","26.3","25.9","25.7","","",
"Madagascar","MDG","Gini index (World Bank estimate)","SI.POV.GINI","","","","","","","","","","","","","","","","","","","","","46.8","","","","","","","","","","","","","45.3","","","","39.5","","38.6","","47.4","","","","39.9","","","","","42.4","","42.6","","","","","","","","",
"Maldives","MDV","Gini index (World Bank estimate)","SI.POV.GINI","","","","","","","","","","","","","","","","","","","","","","","","","","","","","","","","","","","","","","","","","","","41.3","","","","","","","38.4","","","","","","","31.3","","","","",
"Middle East & North Africa","MEA","Gini index (World Bank estimate)","SI.POV.GINI","","","","","","","","","","","","","","","","","","","","","","","","","","","","","","","","","","","","","","","","","","","","","","","","","","","","","","","","","","","","","",
"Mexico","MEX","Gini index (World Bank estimate)","SI.POV.GINI","","","","","","","","","","","","","","","","","","","","","","","","","","","","","","54.3","","","53.7","","54.3","","54.8","","53.4","","52.6","","50.1","","50","50.1","48.9","","49.9","","47.2","","48.7","","48.7","","46.3","","45.4","","",
"Marshall Islands","MHL","Gini index (World Bank estimate)","SI.POV.GINI","","","","","","","","","","","","","","","","","","","","","","","","","","","","","","","","","","","","","","","","","","","","","","","","","","","","","","","","","","","","","",
"Middle income","MIC","Gini index (World Bank estimate)","SI.POV.GINI","","","","","","","","","","","","","","","","","","","","","","","","","","","","","","","","","","","","","","","","","","","","","","","","","","","","","","","","","","","","","",
"North Macedonia","MKD","Gini index (World Bank estimate)","SI.POV.GINI","","","","","","","","","","","","","","","","","","","","","","","","","","","","","","","","","","","","","","","","","","","","","","","","","","42.8","40.2","39.4","38.1","36.2","35.2","35.6","34.5","34.2","","","",
"Mali","MLI","Gini index (World Bank estimate)","SI.POV.GINI","","","","","","","","","","","","","","","","","","","","","","","","","","","","","","","","","","","50.4","","","","","","","39.9","","","","","38.9","","","33","","","","","","","","","","","",
"Malta","MLT","Gini index (World Bank estimate)","SI.POV.GINI","","","","","","","","","","","","","","","","","","","","","","","","","","","","","","","","","","","","","","","","","","","","","","","28","29.2","29","30.2","29","29.1","29.4","28.8","29","29.4","29.1","29.2","","","",
"Myanmar","MMR","Gini index (World Bank estimate)","SI.POV.GINI","","","","","","","","","","","","","","","","","","","","","","","","","","","","","","","","","","","","","","","","","","","","","","","","","","","","","","","","38.1","","30.7","","","",
"Middle East & North Africa (excluding high income)","MNA","Gini index (World Bank estimate)","SI.POV.GINI","","","","","","","","","","","","","","","","","","","","","","","","","","","","","","","","","","","","","","","","","","","","","","","","","","","","","","","","","","","","","",
"Montenegro","MNE","Gini index (World Bank estimate)","SI.POV.GINI","","","","","","","","","","","","","","","","","","","","","","","","","","","","","","","","","","","","","","","","","","","","","","","","","","","","","41.2","39","38.8","39","","","","","",
"Mongolia","MNG","Gini index (World Bank estimate)","SI.POV.GINI","","","","","","","","","","","","","","","","","","","","","","","","","","","","","","","","","","","","33.2","","","30.3","","","","32.9","","","","","35.8","","","33.1","33.9","33.8","","32","","32.3","","32.7","","",
"Northern Mariana Islands","MNP","Gini index (World Bank estimate)","SI.POV.GINI","","","","","","","","","","","","","","","","","","","","","","","","","","","","","","","","","","","","","","","","","","","","","","","","","","","","","","","","","","","","","",
"Mozambique","MOZ","Gini index (World Bank estimate)","SI.POV.GINI","","","","","","","","","","","","","","","","","","","","","","","","","","","","","","","","","","","","","53.6","","","","","","47","","","","","","45.6","","","","","","54","","","","","","",
"Mauritania","MRT","Gini index (World Bank estimate)","SI.POV.GINI","","","","","","","","","","","","","","","","","","","","","","","","","","","","43.9","","","","","","50.1","","37.7","","","","","39","","","","40.2","","","","35.7","","","","","","32.6","","","","","","",
"Mauritius","MUS","Gini index (World Bank estimate)","SI.POV.GINI","","","","","","","","","","","","","","","","","","","","","","","","","","","","","","","","","","","","","","","","","","","","","","","35.7","","","","","","38.5","","","","","36.8","","","",
"Malawi","MWI","Gini index (World Bank estimate)","SI.POV.GINI","","","","","","","","","","","","","","","","","","","","","","","","","","","","","","","","","","","","","","65.8","","","","","","","39.9","","","","","","45.5","","","","","","44.7","","","","",
"Malaysia","MYS","Gini index (World Bank estimate)","SI.POV.GINI","","","","","","","","","","","","","","","","","","","","","","","","","48.6","","","47","","46.2","","","47.7","","","48.5","","49.1","","","","","","","46.1","","","46.1","45.5","","","43.9","","41.3","","41","","","","","",
"North America","NAC","Gini index (World Bank estimate)","SI.POV.GINI","","","","","","","","","","","","","","","","","","","","","","","","","","","","","","","","","","","","","","","","","","","","","","","","","","","","","","","","","","","","","",
"Namibia","NAM","Gini index (World Bank estimate)","SI.POV.GINI","","","","","","","","","","","","","","","","","","","","","","","","","","","","","","","","","","","","","","","","","","","","63.3","","","","","","61","","","","","","59.1","","","","","",
"New Caledonia","NCL","Gini index (World Bank estimate)","SI.POV.GINI","","","","","","","","","","","","","","","","","","","","","","","","","","","","","","","","","","","","","","","","","","","","","","","","","","","","","","","","","","","","","",
"Niger","NER","Gini index (World Bank estimate)","SI.POV.GINI","","","","","","","","","","","","","","","","","","","","","","","","","","","","","","","","","36.1","","41.5","","","","","","","","","","","44.4","","37.3","","","","31.5","","","34.3","","","","","","",
"Nigeria","NGA","Gini index (World Bank estimate)","SI.POV.GINI","","","","","","","","","","","","","","","","","","","","","","","","","","38.7","","","","","","","45","","","","51.9","","","","","","","40.1","","","","","","43","","","","","","","","","35.1","","",
"Nicaragua","NIC","Gini index (World Bank estimate)","SI.POV.GINI","","","","","","","","","","","","","","","","","","","","","","","","","","","","","","","","","","57.4","","","","","54.4","","","52.9","","","","48.8","","","","43.9","","","","","46.2","","","","","","",
"Netherlands","NLD","Gini index (World Bank estimate)","SI.POV.GINI","","","","","","","","","","","","","","","","","","","","","","","","28.4","","","","26.8","","","31.1","","","30.4","","","","","","28.1","","","","","29.8","29","30","29.6","29.3","27.9","27.8","27.8","27.6","28.1","28.6","28.2","28.2","28.5","","","",
"Norway","NOR","Gini index (World Bank estimate)","SI.POV.GINI","","","","","","","","","","","","","","","","","","","","26.9","","","","","","","24.6","","","","","25.2","","","","26","","","","","27.4","","","27.6","31.6","30.6","26.4","27.1","27","26.2","25.7","25.3","25.7","26.4","26.8","27.5","28.5","27","","","",
"Nepal","NPL","Gini index (World Bank estimate)","SI.POV.GINI","","","","","","","","","","","","","","","","","","","","","","","","","","","","","","","","","","","","35.2","","","","","","","","43.8","","","","","","","32.8","","","","","","","","","","",
"Nauru","NRU","Gini index (World Bank estimate)","SI.POV.GINI","","","","","","","","","","","","","","","","","","","","","","","","","","","","","","","","","","","","","","","","","","","","","","","","","","","","","","","","","","","","","",
"New Zealand","NZL","Gini index (World Bank estimate)","SI.POV.GINI","","","","","","","","","","","","","","","","","","","","","","","","","","","","","","","","","","","","","","","","","","","","","","","","","","","","","","","","","","","","","",
"OECD members","OED","Gini index (World Bank estimate)","SI.POV.GINI","","","","","","","","","","","","","","","","","","","","","","","","","","","","","","","","","","","","","","","","","","","","","","","","","","","","","","","","","","","","","",
"Oman","OMN","Gini index (World Bank estimate)","SI.POV.GINI","","","","","","","","","","","","","","","","","","","","","","","","","","","","","","","","","","","","","","","","","","","","","","","","","","","","","","","","","","","","","",
"Other small states","OSS","Gini index (World Bank estimate)","SI.POV.GINI","","","","","","","","","","","","","","","","","","","","","","","","","","","","","","","","","","","","","","","","","","","","","","","","","","","","","","","","","","","","","",
"Pakistan","PAK","Gini index (World Bank estimate)","SI.POV.GINI","","","","","","","","","","","","","","","","","","","","","","","","","","","","33.3","","","33.2","","","","","","28.7","","33.1","","","30.4","","","32.5","32.7","","31.6","","","29.8","30.9","","30.7","","33.5","","","","","",
"Panama","PAN","Gini index (World Bank estimate)","SI.POV.GINI","","","","","","","","","","","","","","","","","","","","48.7","","","","","","","","","","58.9","","58.2","","","","57.8","","58.2","57.5","56.5","56.8","56.9","56.2","55.8","54.8","53.8","54.6","52.7","52.7","51.8","51.6","51.3","51.7","51.5","50.5","50.8","50.4","49.9","49.2","","",
"Peru","PER","Gini index (World Bank estimate)","SI.POV.GINI","","","","","","","","","","","","","","","","","","","","","","","","","","","","","","","","","","","","","","53.7","56.1","56.3","49.1","51.3","53.6","53.1","49.9","50.4","50.3","50","47.5","47","45.5","44.7","44.4","43.9","43.2","43.4","43.6","43.3","42.8","","",
"Philippines","PHL","Gini index (World Bank estimate)","SI.POV.GINI","","","","","","","","","","","","","","","","","","","","","","","","","","","","","","","","","","","","","","","","","47.7","","","46.6","","","47.2","","","46.3","","","46.5","","","44.4","","","","","",
"Palau","PLW","Gini index (World Bank estimate)","SI.POV.GINI","","","","","","","","","","","","","","","","","","","","","","","","","","","","","","","","","","","","","","","","","","","","","","","","","","","","","","","","","","","","","",
"Papua New Guinea","PNG","Gini index (World Bank estimate)","SI.POV.GINI","","","","","","","","","","","","","","","","","","","","","","","","","","","","","","","","","","","","","45.8","","","","","","","","","","","","","41.9","","","","","","","","","","","",
"Poland","POL","Gini index (World Bank estimate)","SI.POV.GINI","","","","","","","","","","","","","","","","","","","","","","","","","","","","","","","","","","","","","","","","","","","","","38","35.8","34.7","34","33.5","33.4","33.2","33.2","33","33.1","32.8","31.8","31.2","29.7","","","",
"Pre-demographic dividend","PRE","Gini index (World Bank estimate)","SI.POV.GINI","","","","","","","","","","","","","","","","","","","","","","","","","","","","","","","","","","","","","","","","","","","","","","","","","","","","","","","","","","","","","",
"Puerto Rico","PRI","Gini index (World Bank estimate)","SI.POV.GINI","","","","","","","","","","","","","","","","","","","","","","","","","","","","","","","","","","","","","","","","","","","","","","","","","","","","","","","","","","","","","",
"Korea, Dem. People’s Rep.","PRK","Gini index (World Bank estimate)","SI.POV.GINI","","","","","","","","","","","","","","","","","","","","","","","","","","","","","","","","","","","","","","","","","","","","","","","","","","","","","","","","","","","","","",
"Portugal","PRT","Gini index (World Bank estimate)","SI.POV.GINI","","","","","","","","","","","","","","","","","","","","","","","","","","","","","","","","","","","","","","","","","","","","38.7","38.9","38.5","38.1","36.8","36.6","34.9","35.8","36.3","36","36.2","35.6","35.5","35.2","33.8","","","",
"Paraguay","PRY","Gini index (World Bank estimate)","SI.POV.GINI","","","","","","","","","","","","","","","","","","","","","","","","","","","","","","","40.8","","","","","58.2","","54.9","","54.6","","54.6","57.3","54.9","52.3","51.4","53","53","50.7","49.1","51","52.3","47.6","47.9","50.7","47.6","47.9","48.8","46.2","","",
"West Bank and Gaza","PSE","Gini index (World Bank estimate)","SI.POV.GINI","","","","","","","","","","","","","","","","","","","","","","","","","","","","","","","","","","","","","","","","","","","","","34","34.7","34","35.6","","34.5","35.3","34.4","","","","","33.7","","","","",
"Pacific island small states","PSS","Gini index (World Bank estimate)","SI.POV.GINI","","","","","","","","","","","","","","","","","","","","","","","","","","","","","","","","","","","","","","","","","","","","","","","","","","","","","","","","","","","","","",
"Post-demographic dividend","PST","Gini index (World Bank estimate)","SI.POV.GINI","","","","","","","","","","","","","","","","","","","","","","","","","","","","","","","","","","","","","","","","","","","","","","","","","","","","","","","","","","","","","",
"French Polynesia","PYF","Gini index (World Bank estimate)","SI.POV.GINI","","","","","","","","","","","","","","","","","","","","","","","","","","","","","","","","","","","","","","","","","","","","","","","","","","","","","","","","","","","","","",
"Qatar","QAT","Gini index (World Bank estimate)","SI.POV.GINI","","","","","","","","","","","","","","","","","","","","","","","","","","","","","","","","","","","","","","","","","","","","","","","","","","","","","","","","","","","","","",
"Romania","ROU","Gini index (World Bank estimate)","SI.POV.GINI","","","","","","","","","","","","","","","","","","","","","","","","","","","","","","","","","","","","","","","","","","","","","","","39.6","37.5","36.4","35.6","35.5","35.9","36.5","36.9","36","35.9","34.4","36","","","",
"Russian Federation","RUS","Gini index (World Bank estimate)","SI.POV.GINI","","","","","","","","","","","","","","","","","","","","","","","","","","","","","","","","","","48.4","","","46.1","38.4","38.1","37.4","37.1","36.9","37.3","40","40.3","41.3","41","42.3","41.6","39.8","39.5","39.7","40.7","40.9","39.9","37.7","36.8","37.2","37.5","","",
"Rwanda","RWA","Gini index (World Bank estimate)","SI.POV.GINI","","","","","","","","","","","","","","","","","","","","","","","","","","","","","","","","","","","","","","","","","48.5","","","","","52","","","","","47.2","","","45.1","","","43.7","","","","",
"South Asia","SAS","Gini index (World Bank estimate)","SI.POV.GINI","","","","","","","","","","","","","","","","","","","","","","","","","","","","","","","","","","","","","","","","","","","","","","","","","","","","","","","","","","","","","",
"Saudi Arabia","SAU","Gini index (World Bank estimate)","SI.POV.GINI","","","","","","","","","","","","","","","","","","","","","","","","","","","","","","","","","","","","","","","","","","","","","","","","","","","","","","","","","","","","","",
"Sudan","SDN","Gini index (World Bank estimate)","SI.POV.GINI","","","","","","","","","","","","","","","","","","","","","","","","","","","","","","","","","","","","","","","","","","","","","","","","","","35.4","","","","","34.2","","","","","","",
"Senegal","SEN","Gini index (World Bank estimate)","SI.POV.GINI","","","","","","","","","","","","","","","","","","","","","","","","","","","","","","","","54.1","","","41.4","","","","","","","41.2","","","","39.2","","","","","","40.3","","","","","","","","","",
"Singapore","SGP","Gini index (World Bank estimate)","SI.POV.GINI","","","","","","","","","","","","","","","","","","","","","","","","","","","","","","","","","","","","","","","","","","","","","","","","","","","","","","","","","","","","","",
"Solomon Islands","SLB","Gini index (World Bank estimate)","SI.POV.GINI","","","","","","","","","","","","","","","","","","","","","","","","","","","","","","","","","","","","","","","","","","","","","","46.1","","","","","","","","37.1","","","","","","","",
"Sierra Leone","SLE","Gini index (World Bank estimate)","SI.POV.GINI","","","","","","","","","","","","","","","","","","","","","","","","","","","","","","","","","","","","","","","","","","","","40.2","","","","","","","","34","","","","","","","35.7","","",
"El Salvador","SLV","Gini index (World Bank estimate)","SI.POV.GINI","","","","","","","","","","","","","","","","","","","","","","","","","","","","","","","","54","","","","49.9","51","","54.5","52.2","51.5","51.4","51.9","50.4","47.8","48.5","45.7","45.2","46.9","45.8","43.5","42.3","41.8","43.4","41.6","40.6","40","38","38.6","","",
"San Marino","SMR","Gini index (World Bank estimate)","SI.POV.GINI","","","","","","","","","","","","","","","","","","","","","","","","","","","","","","","","","","","","","","","","","","","","","","","","","","","","","","","","","","","","","",
"Somalia","SOM","Gini index (World Bank estimate)","SI.POV.GINI","","","","","","","","","","","","","","","","","","","","","","","","","","","","","","","","","","","","","","","","","","","","","","","","","","","","","","","","","","","","","",
"Serbia","SRB","Gini index (World Bank estimate)","SI.POV.GINI","","","","","","","","","","","","","","","","","","","","","","","","","","","","","","","","","","","","","","","","","","","","","","","","","","","","","39.9","39.5","40.5","40.5","38.8","36.2","","","",
"Sub-Saharan Africa (excluding high income)","SSA","Gini index (World Bank estimate)","SI.POV.GINI","","","","","","","","","","","","","","","","","","","","","","","","","","","","","","","","","","","","","","","","","","","","","","","","","","","","","","","","","","","","","",
"South Sudan","SSD","Gini index (World Bank estimate)","SI.POV.GINI","","","","","","","","","","","","","","","","","","","","","","","","","","","","","","","","","","","","","","","","","","","","","","","","","","46.3","","","","","","","","","","","",
"Sub-Saharan Africa","SSF","Gini index (World Bank estimate)","SI.POV.GINI","","","","","","","","","","","","","","","","","","","","","","","","","","","","","","","","","","","","","","","","","","","","","","","","","","","","","","","","","","","","","",
"Small states","SST","Gini index (World Bank estimate)","SI.POV.GINI","","","","","","","","","","","","","","","","","","","","","","","","","","","","","","","","","","","","","","","","","","","","","","","","","","","","","","","","","","","","","",
"Sao Tome and Principe","STP","Gini index (World Bank estimate)","SI.POV.GINI","","","","","","","","","","","","","","","","","","","","","","","","","","","","","","","","","","","","","","","","","32.1","","","","","","","","","","30.8","","","","","","","56.3","","","",
"Suriname","SUR","Gini index (World Bank estimate)","SI.POV.GINI","","","","","","","","","","","","","","","","","","","","","","","","","","","","","","","","","","","","","","","","57.6","","","","","","","","","","","","","","","","","","","","","",
"Slovak Republic","SVK","Gini index (World Bank estimate)","SI.POV.GINI","","","","","","","","","","","","","","","","","","","","","","","","","","","","","","","","","","","","","","","","","","","","","27.1","29.3","25.8","24.7","26","27.2","27.3","26.5","26.1","28.1","26.1","26.5","25.2","","","","",
"Slovenia","SVN","Gini index (World Bank estimate)","SI.POV.GINI","","","","","","","","","","","","","","","","","","","","","","","","","","","","","","","","","","","","","","","","","","","","","24.8","24.6","24.4","24.4","23.7","24.8","24.9","24.9","25.6","26.2","25.7","25.4","24.8","24.2","","","",
"Sweden","SWE","Gini index (World Bank estimate)","SI.POV.GINI","","","","","","","","34","","","","","","","","24.3","","","","","","22.9","","","","","","23.1","","","","","24.9","","","25.2","","","","","27.2","","","25.3","26.1","26.8","26.4","27.1","28.1","27.3","27.7","27.6","27.6","28.8","28.4","29.2","29.6","28.8","","","",
"Eswatini","SWZ","Gini index (World Bank estimate)","SI.POV.GINI","","","","","","","","","","","","","","","","","","","","","","","","","","","","","","","","","","","60.5","","","","","","53.1","","","","","","","","","51.5","","","","","","","54.6","","","","",
"Sint Maarten (Dutch part)","SXM","Gini index (World Bank estimate)","SI.POV.GINI","","","","","","","","","","","","","","","","","","","","","","","","","","","","","","","","","","","","","","","","","","","","","","","","","","","","","","","","","","","","","",
"Seychelles","SYC","Gini index (World Bank estimate)","SI.POV.GINI","","","","","","","","","","","","","","","","","","","","","","","","","","","","","","","","","","","","","","","","","","","","","","","","","","","","","","46.8","","","","","","","",
"Syrian Arab Republic","SYR","Gini index (World Bank estimate)","SI.POV.GINI","","","","","","","","","","","","","","","","","","","","","","","","","","","","","","","","","","","","","","","","","","","","","35.8","","","","","","","","","","","","","","","","",
"Turks and Caicos Islands","TCA","Gini index (World Bank estimate)","SI.POV.GINI","","","","","","","","","","","","","","","","","","","","","","","","","","","","","","","","","","","","","","","","","","","","","","","","","","","","","","","","","","","","","",
"Chad","TCD","Gini index (World Bank estimate)","SI.POV.GINI","","","","","","","","","","","","","","","","","","","","","","","","","","","","","","","","","","","","","","","","","","","","39.8","","","","","","","","43.3","","","","","","","","","",
"East Asia & Pacific (IDA & IBRD countries)","TEA","Gini index (World Bank estimate)","SI.POV.GINI","","","","","","","","","","","","","","","","","","","","","","","","","","","","","","","","","","","","","","","","","","","","","","","","","","","","","","","","","","","","","",
"Europe & Central Asia (IDA & IBRD countries)","TEC","Gini index (World Bank estimate)","SI.POV.GINI","","","","","","","","","","","","","","","","","","","","","","","","","","","","","","","","","","","","","","","","","","","","","","","","","","","","","","","","","","","","","",
"Togo","TGO","Gini index (World Bank estimate)","SI.POV.GINI","","","","","","","","","","","","","","","","","","","","","","","","","","","","","","","","","","","","","","","","","","","","","","","42.2","","","","","46","","","","43.1","","","","","",
"Thailand","THA","Gini index (World Bank estimate)","SI.POV.GINI","","","","","","","","","","","","","","","","","","","","","","45.2","","","","","","","43.8","","45.3","","47.9","","43.5","","42.9","","41.5","43.1","42.8","","41.9","","42.5","","41.8","39.8","40.3","39.6","39.4","37.5","39.3","37.8","37","36","36.9","36.5","36.4","","",
"Tajikistan","TJK","Gini index (World Bank estimate)","SI.POV.GINI","","","","","","","","","","","","","","","","","","","","","","","","","","","","","","","","","","","","","","","","29.5","","","","32.7","33.6","","","32.2","","30.8","","","","","","34","","","","","",
"Turkmenistan","TKM","Gini index (World Bank estimate)","SI.POV.GINI","","","","","","","","","","","","","","","","","","","","","","","","","","","","","","","","","","","","","","","40.8","","","","","","","","","","","","","","","","","","","","","","",
"Latin America & the Caribbean (IDA & IBRD countries)","TLA","Gini index (World Bank estimate)","SI.POV.GINI","","","","","","","","","","","","","","","","","","","","","","","","","","","","","","","","","","","","","","","","","","","","","","","","","","","","","","","","","","","","","",
"Timor-Leste","TLS","Gini index (World Bank estimate)","SI.POV.GINI","","","","","","","","","","","","","","","","","","","","","","","","","","","","","","","","","","","","","","","","","","35.9","","","","","","27.8","","","","","","","28.7","","","","","","",
"Middle East & North Africa (IDA & IBRD countries)","TMN","Gini index (World Bank estimate)","SI.POV.GINI","","","","","","","","","","","","","","","","","","","","","","","","","","","","","","","","","","","","","","","","","","","","","","","","","","","","","","","","","","","","","",
"Tonga","TON","Gini index (World Bank estimate)","SI.POV.GINI","","","","","","","","","","","","","","","","","","","","","","","","","","","","","","","","","","","","","","","","","","37.7","","","","","","","","37.5","","","","","","37.6","","","","","",
"South Asia (IDA & IBRD)","TSA","Gini index (World Bank estimate)","SI.POV.GINI","","","","","","","","","","","","","","","","","","","","","","","","","","","","","","","","","","","","","","","","","","","","","","","","","","","","","","","","","","","","","",
"Sub-Saharan Africa (IDA & IBRD countries)","TSS","Gini index (World Bank estimate)","SI.POV.GINI","","","","","","","","","","","","","","","","","","","","","","","","","","","","","","","","","","","","","","","","","","","","","","","","","","","","","","","","","","","","","",
"Trinidad and Tobago","TTO","Gini index (World Bank estimate)","SI.POV.GINI","","","","","","","","","","","","","","","","","","","","","","","","","","","","","42.6","","","","40.3","","","","","","","","","","","","","","","","","","","","","","","","","","","","",
"Tunisia","TUN","Gini index (World Bank estimate)","SI.POV.GINI","","","","","","","","","","","","","","","","","","","","","","","","","","43.4","","","","","40.2","","","","","41.7","","","","","40.8","","","","","37.7","","","","","35.8","","","","","32.8","","","","","",
"Turkey","TUR","Gini index (World Bank estimate)","SI.POV.GINI","","","","","","","","","","","","","","","","","","","","","","","","","","","","43.5","","","","","","","41.3","","","","","","","","41.4","42.2","41.3","42.6","39.6","38.4","39","39","38.8","40","40.2","40.2","41.2","42.9","41.9","41.4","41.9","","",
"Tuvalu","TUV","Gini index (World Bank estimate)","SI.POV.GINI","","","","","","","","","","","","","","","","","","","","","","","","","","","","","","","","","","","","","","","","","","","","","","","","","","","39.1","","","","","","","","","","",
"Tanzania","TZA","Gini index (World Bank estimate)","SI.POV.GINI","","","","","","","","","","","","","","","","","","","","","","","","","","","","","","","","35.3","","","","","","","","","37.3","","","","","","","40.3","","","","37.8","","","","","","40.5","","","",
"Uganda","UGA","Gini index (World Bank estimate)","SI.POV.GINI","","","","","","","","","","","","","","","","","","","","","","","","","","","","","","44.4","","","41.4","","","","39","","","43","","","45.2","","","42.9","","","","44.2","","","41","","","","42.8","","","","",
"Ukraine","UKR","Gini index (World Bank estimate)","SI.POV.GINI","","","","","","","","","","","","","","","","","","","","","","","","","","","","","","","","","29.7","28.9","","39.3","35.2","","","","","","29","28.7","28.9","29","29.8","27","26.6","25.3","24.8","24.6","24.7","24.6","24","25.5","25","26","26.1","","",
"Upper middle income","UMC","Gini index (World Bank estimate)","SI.POV.GINI","","","","","","","","","","","","","","","","","","","","","","","","","","","","","","","","","","","","","","","","","","","","","","","","","","","","","","","","","","","","","",
"Uruguay","URY","Gini index (World Bank estimate)","SI.POV.GINI","","","","","","","","","","","","","","","","","","","","","","","","","","","","","","","","","40.2","","","42.1","42.7","42.7","43.8","","43","44.9","45.5","45","45.8","44.7","45.9","46.4","45.1","45.5","44.5","42.1","39.9","40.4","40.1","40.1","39.7","39.5","39.7","","",
"United States","USA","Gini index (World Bank estimate)","SI.POV.GINI","","","","","","","","","","","","","","","35.3","","","","","34.5","","","","","","","37.4","","","","","38","","","40","","","40.5","","","40.1","","","","40.3","","","40.8","","","40","","","40.7","","","41.1","","","","",
"Uzbekistan","UZB","Gini index (World Bank estimate)","SI.POV.GINI","","","","","","","","","","","","","","","","","","","","","","","","","","","","","","","","","","","","","","","44.7","","36.1","","33","35.3","","","","","","","","","","","","","","","","","",
"St. Vincent and the Grenadines","VCT","Gini index (World Bank estimate)","SI.POV.GINI","","","","","","","","","","","","","","","","","","","","","","","","","","","","","","","","","","","","","","","","","","","","","","","","","","","","","","","","","","","","","",
"Venezuela, RB","VEN","Gini index (World Bank estimate)","SI.POV.GINI","","","","","","","","","","","","","","","","","","","","","","55.6","","","","","","53.4","","45.3","","","42.5","","","47.8","","","49.8","48.3","","48.2","50.6","50.4","49.8","52.4","46.9","","","","","","","","","","","","","","",
"British Virgin Islands","VGB","Gini index (World Bank estimate)","SI.POV.GINI","","","","","","","","","","","","","","","","","","","","","","","","","","","","","","","","","","","","","","","","","","","","","","","","","","","","","","","","","","","","","",
"Virgin Islands (U.S.)","VIR","Gini index (World Bank estimate)","SI.POV.GINI","","","","","","","","","","","","","","","","","","","","","","","","","","","","","","","","","","","","","","","","","","","","","","","","","","","","","","","","","","","","","",
"Vietnam","VNM","Gini index (World Bank estimate)","SI.POV.GINI","","","","","","","","","","","","","","","","","","","","","","","","","","","","","","","","","35.7","","","","","","35.4","","","","37","","36.8","","35.8","","35.6","","39.3","","35.6","","34.8","","35.3","","35.7","","",
"Vanuatu","VUT","Gini index (World Bank estimate)","SI.POV.GINI","","","","","","","","","","","","","","","","","","","","","","","","","","","","","","","","","","","","","","","","","","","","","","","","","","","37.6","","","","","","","","","","",
"World","WLD","Gini index (World Bank estimate)","SI.POV.GINI","","","","","","","","","","","","","","","","","","","","","","","","","","","","","","","","","","","","","","","","","","","","","","","","","","","","","","","","","","","","","",
"Samoa","WSM","Gini index (World Bank estimate)","SI.POV.GINI","","","","","","","","","","","","","","","","","","","","","","","","","","","","","","","","","","","","","","","","","","","40.7","","","","","","42","","","","","38.7","","","","","","","",
"Kosovo","XKX","Gini index (World Bank estimate)","SI.POV.GINI","","","","","","","","","","","","","","","","","","","","","","","","","","","","","","","","","","","","","","","","","","","","29","","31.2","30.3","","","31.8","33.3","27.8","29","26.3","27.3","26.5","26.7","29","","","",
"Yemen, Rep.","YEM","Gini index (World Bank estimate)","SI.POV.GINI","","","","","","","","","","","","","","","","","","","","","","","","","","","","","","","","","","","","","","","35","","","","","","","34.7","","","","","","","","","36.7","","","","","","",
"South Africa","ZAF","Gini index (World Bank estimate)","SI.POV.GINI","","","","","","","","","","","","","","","","","","","","","","","","","","","","","","","","","","59.3","","","60.7","","","","57.8","","","","","64.8","","","63","","63.4","","","","63","","","","","","",
"Zambia","ZMB","Gini index (World Bank estimate)","SI.POV.GINI","","","","","","","","","","","","","","","","","","","","","","","","","","","","","","","","60.5","","52.6","","","48.3","","49.1","","","","42.1","","54.3","","54.6","","","","55.6","","","","","57.1","","","","","",
"Zimbabwe","ZWE","Gini index (World Bank estimate)","SI.POV.GINI","","","","","","","","","","","","","","","","","","","","","","","","","","","","","","","","","","","","","","","","","","","","","","","","","","","","43.2","","","","","","44.3","","","",
